<?xml version="1.0" encoding="UTF-8"?>
<!DOCTYPE generatorConfiguration
        PUBLIC "-//mybatis.org//DTD MyBatis Generator Configuration 1.0//EN"
        "http://mybatis.org/dtd/mybatis-generator-config_1_0.dtd">
<generatorConfiguration>
    <!--
            targetRuntime: 执行生成的逆向工程的版本
                    MyBatis3Simple: 生成基本的CRUD（清新简洁版）
                    MyBatis3: 生成带条件的CRUD（奢华尊享版）
     -->
    <context id="DB2Tables" targetRuntime="MyBatis3">
        <!-- 数据库的连接信息 -->
        <jdbcConnection driverClass="com.mysql.cj.jdbc.Driver"
                        connectionURL="jdbc:mysql://118.178.135.86:3306/db_imperial_court"
                        userId="root"
                        password="root1205">
        </jdbcConnection>
        <!-- javaBean的生成策略-->
        <javaModelGenerator targetPackage="com.yienx.imperial.court.entity" targetProject="./src/main/java">
            <property name="enableSubPackages" value="true" />
            <property name="trimStrings" value="true" />
        </javaModelGenerator>
        <!-- SQL映射文件的生成策略 -->
        <sqlMapGenerator targetPackage="com.yienx.imperial.court.mapper"  targetProject="./src/main/java">
            <property name="enableSubPackages" value="true" />
        </sqlMapGenerator>
        <!-- Mapper接口的生成策略 -->
        <javaClientGenerator type="XMLMAPPER" targetPackage="com.yienx.imperial.court.mapper"  targetProject="./src/main/java">
            <property name="enableSubPackages" value="true" />
        </javaClientGenerator>
        <!-- 逆向分析的表 -->
        <!-- tableName设置为*号，可以对应所有表，此时不写domainObjectName -->
        <!-- domainObjectName属性指定生成出来的实体类的类名 -->
        <table tableName="t_emp" domainObjectName="Emp"/>
        <table tableName="t_memorials" domainObjectName="Memorials"/>
    </context>
</generatorConfiguration>