<?xml version="1.0" encoding="UTF-8" ?>
<!DOCTYPE mapper PUBLIC "-//mybatis.org//DTD Mapper 3.0//EN" "http://mybatis.org/dtd/mybatis-3-mapper.dtd" >
<mapper namespace="com.yienx.imperial.court.mapper.EmpMapper" >
  <resultMap id="BaseResultMap" type="com.yienx.imperial.court.entity.Emp" >
    <!--
      WARNING - @mbggenerated
      This element is automatically generated by MyBatis Generator, do not modify.
      This element was generated on Tue Apr 19 10:09:44 CST 2022.
    -->
    <id column="emp_id" property="empId" jdbcType="INTEGER" />
    <result column="emp_name" property="empName" jdbcType="CHAR" />
    <result column="emp_position" property="empPosition" jdbcType="CHAR" />
    <result column="login_account" property="loginAccount" jdbcType="CHAR" />
    <result column="login_password" property="loginPassword" jdbcType="CHAR" />
  </resultMap>
  <sql id="Example_Where_Clause" >
    <!--
      WARNING - @mbggenerated
      This element is automatically generated by MyBatis Generator, do not modify.
      This element was generated on Tue Apr 19 10:09:44 CST 2022.
    -->
    <where >
      <foreach collection="oredCriteria" item="criteria" separator="or" >
        <if test="criteria.valid" >
          <trim prefix="(" suffix=")" prefixOverrides="and" >
            <foreach collection="criteria.criteria" item="criterion" >
              <choose >
                <when test="criterion.noValue" >
                  and ${criterion.condition}
                </when>
                <when test="criterion.singleValue" >
                  and ${criterion.condition} #{criterion.value}
                </when>
                <when test="criterion.betweenValue" >
                  and ${criterion.condition} #{criterion.value} and #{criterion.secondValue}
                </when>
                <when test="criterion.listValue" >
                  and ${criterion.condition}
                  <foreach collection="criterion.value" item="listItem" open="(" close=")" separator="," >
                    #{listItem}
                  </foreach>
                </when>
              </choose>
            </foreach>
          </trim>
        </if>
      </foreach>
    </where>
  </sql>
  <sql id="Update_By_Example_Where_Clause" >
    <!--
      WARNING - @mbggenerated
      This element is automatically generated by MyBatis Generator, do not modify.
      This element was generated on Tue Apr 19 10:09:44 CST 2022.
    -->
    <where >
      <foreach collection="example.oredCriteria" item="criteria" separator="or" >
        <if test="criteria.valid" >
          <trim prefix="(" suffix=")" prefixOverrides="and" >
            <foreach collection="criteria.criteria" item="criterion" >
              <choose >
                <when test="criterion.noValue" >
                  and ${criterion.condition}
                </when>
                <when test="criterion.singleValue" >
                  and ${criterion.condition} #{criterion.value}
                </when>
                <when test="criterion.betweenValue" >
                  and ${criterion.condition} #{criterion.value} and #{criterion.secondValue}
                </when>
                <when test="criterion.listValue" >
                  and ${criterion.condition}
                  <foreach collection="criterion.value" item="listItem" open="(" close=")" separator="," >
                    #{listItem}
                  </foreach>
                </when>
              </choose>
            </foreach>
          </trim>
        </if>
      </foreach>
    </where>
  </sql>
  <sql id="Base_Column_List" >
    <!--
      WARNING - @mbggenerated
      This element is automatically generated by MyBatis Generator, do not modify.
      This element was generated on Tue Apr 19 10:09:44 CST 2022.
    -->
    emp_id, emp_name, emp_position, login_account, login_password
  </sql>
  <select id="selectByExample" resultMap="BaseResultMap" parameterType="com.yienx.imperial.court.entity.EmpExample" >
    <!--
      WARNING - @mbggenerated
      This element is automatically generated by MyBatis Generator, do not modify.
      This element was generated on Tue Apr 19 10:09:44 CST 2022.
    -->
    select
    <if test="distinct" >
      distinct
    </if>
    <include refid="Base_Column_List" />
    from t_emp
    <if test="_parameter != null" >
      <include refid="Example_Where_Clause" />
    </if>
    <if test="orderByClause != null" >
      order by ${orderByClause}
    </if>
  </select>
  <select id="selectByPrimaryKey" resultMap="BaseResultMap" parameterType="java.lang.Integer" >
    <!--
      WARNING - @mbggenerated
      This element is automatically generated by MyBatis Generator, do not modify.
      This element was generated on Tue Apr 19 10:09:44 CST 2022.
    -->
    select 
    <include refid="Base_Column_List" />
    from t_emp
    where emp_id = #{empId,jdbcType=INTEGER}
  </select>
  <delete id="deleteByPrimaryKey" parameterType="java.lang.Integer" >
    <!--
      WARNING - @mbggenerated
      This element is automatically generated by MyBatis Generator, do not modify.
      This element was generated on Tue Apr 19 10:09:44 CST 2022.
    -->
    delete from t_emp
    where emp_id = #{empId,jdbcType=INTEGER}
  </delete>
  <delete id="deleteByExample" parameterType="com.yienx.imperial.court.entity.EmpExample" >
    <!--
      WARNING - @mbggenerated
      This element is automatically generated by MyBatis Generator, do not modify.
      This element was generated on Tue Apr 19 10:09:44 CST 2022.
    -->
    delete from t_emp
    <if test="_parameter != null" >
      <include refid="Example_Where_Clause" />
    </if>
  </delete>
  <insert id="insert" parameterType="com.yienx.imperial.court.entity.Emp" >
    <!--
      WARNING - @mbggenerated
      This element is automatically generated by MyBatis Generator, do not modify.
      This element was generated on Tue Apr 19 10:09:44 CST 2022.
    -->
    insert into t_emp (emp_id, emp_name, emp_position, 
      login_account, login_password)
    values (#{empId,jdbcType=INTEGER}, #{empName,jdbcType=CHAR}, #{empPosition,jdbcType=CHAR}, 
      #{loginAccount,jdbcType=CHAR}, #{loginPassword,jdbcType=CHAR})
  </insert>
  <insert id="insertSelective" parameterType="com.yienx.imperial.court.entity.Emp" >
    <!--
      WARNING - @mbggenerated
      This element is automatically generated by MyBatis Generator, do not modify.
      This element was generated on Tue Apr 19 10:09:44 CST 2022.
    -->
    insert into t_emp
    <trim prefix="(" suffix=")" suffixOverrides="," >
      <if test="empId != null" >
        emp_id,
      </if>
      <if test="empName != null" >
        emp_name,
      </if>
      <if test="empPosition != null" >
        emp_position,
      </if>
      <if test="loginAccount != null" >
        login_account,
      </if>
      <if test="loginPassword != null" >
        login_password,
      </if>
    </trim>
    <trim prefix="values (" suffix=")" suffixOverrides="," >
      <if test="empId != null" >
        #{empId,jdbcType=INTEGER},
      </if>
      <if test="empName != null" >
        #{empName,jdbcType=CHAR},
      </if>
      <if test="empPosition != null" >
        #{empPosition,jdbcType=CHAR},
      </if>
      <if test="loginAccount != null" >
        #{loginAccount,jdbcType=CHAR},
      </if>
      <if test="loginPassword != null" >
        #{loginPassword,jdbcType=CHAR},
      </if>
    </trim>
  </insert>
  <select id="countByExample" parameterType="com.yienx.imperial.court.entity.EmpExample" resultType="java.lang.Integer" >
    <!--
      WARNING - @mbggenerated
      This element is automatically generated by MyBatis Generator, do not modify.
      This element was generated on Tue Apr 19 10:09:44 CST 2022.
    -->
    select count(*) from t_emp
    <if test="_parameter != null" >
      <include refid="Example_Where_Clause" />
    </if>
  </select>
  <update id="updateByExampleSelective" parameterType="map" >
    <!--
      WARNING - @mbggenerated
      This element is automatically generated by MyBatis Generator, do not modify.
      This element was generated on Tue Apr 19 10:09:44 CST 2022.
    -->
    update t_emp
    <set >
      <if test="record.empId != null" >
        emp_id = #{record.empId,jdbcType=INTEGER},
      </if>
      <if test="record.empName != null" >
        emp_name = #{record.empName,jdbcType=CHAR},
      </if>
      <if test="record.empPosition != null" >
        emp_position = #{record.empPosition,jdbcType=CHAR},
      </if>
      <if test="record.loginAccount != null" >
        login_account = #{record.loginAccount,jdbcType=CHAR},
      </if>
      <if test="record.loginPassword != null" >
        login_password = #{record.loginPassword,jdbcType=CHAR},
      </if>
    </set>
    <if test="_parameter != null" >
      <include refid="Update_By_Example_Where_Clause" />
    </if>
  </update>
  <update id="updateByExample" parameterType="map" >
    <!--
      WARNING - @mbggenerated
      This element is automatically generated by MyBatis Generator, do not modify.
      This element was generated on Tue Apr 19 10:09:44 CST 2022.
    -->
    update t_emp
    set emp_id = #{record.empId,jdbcType=INTEGER},
      emp_name = #{record.empName,jdbcType=CHAR},
      emp_position = #{record.empPosition,jdbcType=CHAR},
      login_account = #{record.loginAccount,jdbcType=CHAR},
      login_password = #{record.loginPassword,jdbcType=CHAR}
    <if test="_parameter != null" >
      <include refid="Update_By_Example_Where_Clause" />
    </if>
  </update>
  <update id="updateByPrimaryKeySelective" parameterType="com.yienx.imperial.court.entity.Emp" >
    <!--
      WARNING - @mbggenerated
      This element is automatically generated by MyBatis Generator, do not modify.
      This element was generated on Tue Apr 19 10:09:44 CST 2022.
    -->
    update t_emp
    <set >
      <if test="empName != null" >
        emp_name = #{empName,jdbcType=CHAR},
      </if>
      <if test="empPosition != null" >
        emp_position = #{empPosition,jdbcType=CHAR},
      </if>
      <if test="loginAccount != null" >
        login_account = #{loginAccount,jdbcType=CHAR},
      </if>
      <if test="loginPassword != null" >
        login_password = #{loginPassword,jdbcType=CHAR},
      </if>
    </set>
    where emp_id = #{empId,jdbcType=INTEGER}
  </update>
  <update id="updateByPrimaryKey" parameterType="com.yienx.imperial.court.entity.Emp" >
    <!--
      WARNING - @mbggenerated
      This element is automatically generated by MyBatis Generator, do not modify.
      This element was generated on Tue Apr 19 10:09:44 CST 2022.
    -->
    update t_emp
    set emp_name = #{empName,jdbcType=CHAR},
      emp_position = #{empPosition,jdbcType=CHAR},
      login_account = #{loginAccount,jdbcType=CHAR},
      login_password = #{loginPassword,jdbcType=CHAR}
    where emp_id = #{empId,jdbcType=INTEGER}
  </update>
</mapper>