<?xml version="1.0" encoding="UTF-8" ?>
<!DOCTYPE mapper PUBLIC "-//mybatis.org//DTD Mapper 3.0//EN" "http://mybatis.org/dtd/mybatis-3-mapper.dtd" >
<mapper namespace="com.yienx.imperial.court.mapper.MemorialsMapper" >
  <resultMap id="BaseResultMap" type="com.yienx.imperial.court.entity.Memorials" >
    <!--
      WARNING - @mbggenerated
      This element is automatically generated by MyBatis Generator, do not modify.
      This element was generated on Tue Apr 19 10:09:44 CST 2022.
    -->
    <id column="memorials_id" property="memorialsId" jdbcType="INTEGER" />
    <result column="memorials_title" property="memorialsTitle" jdbcType="CHAR" />
    <result column="memorials_content" property="memorialsContent" jdbcType="VARCHAR" />
    <result column="memorials_emp" property="memorialsEmp" jdbcType="INTEGER" />
    <result column="memorials_create_time" property="memorialsCreateTime" jdbcType="CHAR" />
    <result column="feedback_time" property="feedbackTime" jdbcType="CHAR" />
    <result column="feedback_content" property="feedbackContent" jdbcType="VARCHAR" />
    <result column="memorials_status" property="memorialsStatus" jdbcType="INTEGER" />
  </resultMap>
  <sql id="Example_Where_Clause" >
    <!--
      WARNING - @mbggenerated
      This element is automatically generated by MyBatis Generator, do not modify.
      This element was generated on Tue Apr 19 10:09:44 CST 2022.
    -->
    <where >
      <foreach collection="oredCriteria" item="criteria" separator="or" >
        <if test="criteria.valid" >
          <trim prefix="(" suffix=")" prefixOverrides="and" >
            <foreach collection="criteria.criteria" item="criterion" >
              <choose >
                <when test="criterion.noValue" >
                  and ${criterion.condition}
                </when>
                <when test="criterion.singleValue" >
                  and ${criterion.condition} #{criterion.value}
                </when>
                <when test="criterion.betweenValue" >
                  and ${criterion.condition} #{criterion.value} and #{criterion.secondValue}
                </when>
                <when test="criterion.listValue" >
                  and ${criterion.condition}
                  <foreach collection="criterion.value" item="listItem" open="(" close=")" separator="," >
                    #{listItem}
                  </foreach>
                </when>
              </choose>
            </foreach>
          </trim>
        </if>
      </foreach>
    </where>
  </sql>
  <sql id="Update_By_Example_Where_Clause" >
    <!--
      WARNING - @mbggenerated
      This element is automatically generated by MyBatis Generator, do not modify.
      This element was generated on Tue Apr 19 10:09:44 CST 2022.
    -->
    <where >
      <foreach collection="example.oredCriteria" item="criteria" separator="or" >
        <if test="criteria.valid" >
          <trim prefix="(" suffix=")" prefixOverrides="and" >
            <foreach collection="criteria.criteria" item="criterion" >
              <choose >
                <when test="criterion.noValue" >
                  and ${criterion.condition}
                </when>
                <when test="criterion.singleValue" >
                  and ${criterion.condition} #{criterion.value}
                </when>
                <when test="criterion.betweenValue" >
                  and ${criterion.condition} #{criterion.value} and #{criterion.secondValue}
                </when>
                <when test="criterion.listValue" >
                  and ${criterion.condition}
                  <foreach collection="criterion.value" item="listItem" open="(" close=")" separator="," >
                    #{listItem}
                  </foreach>
                </when>
              </choose>
            </foreach>
          </trim>
        </if>
      </foreach>
    </where>
  </sql>
  <sql id="Base_Column_List" >
    <!--
      WARNING - @mbggenerated
      This element is automatically generated by MyBatis Generator, do not modify.
      This element was generated on Tue Apr 19 10:09:44 CST 2022.
    -->
    memorials_id, memorials_title, memorials_content, memorials_emp, memorials_create_time, 
    feedback_time, feedback_content, memorials_status
  </sql>
  <select id="selectByExample" resultMap="BaseResultMap" parameterType="com.yienx.imperial.court.entity.MemorialsExample" >
    <!--
      WARNING - @mbggenerated
      This element is automatically generated by MyBatis Generator, do not modify.
      This element was generated on Tue Apr 19 10:09:44 CST 2022.
    -->
    select
    <if test="distinct" >
      distinct
    </if>
    <include refid="Base_Column_List" />
    from t_memorials
    <if test="_parameter != null" >
      <include refid="Example_Where_Clause" />
    </if>
    <if test="orderByClause != null" >
      order by ${orderByClause}
    </if>
  </select>
  <select id="selectByPrimaryKey" resultMap="BaseResultMap" parameterType="java.lang.Integer" >
    <!--
      WARNING - @mbggenerated
      This element is automatically generated by MyBatis Generator, do not modify.
      This element was generated on Tue Apr 19 10:09:44 CST 2022.
    -->
    select 
    <include refid="Base_Column_List" />
    from t_memorials
    where memorials_id = #{memorialsId,jdbcType=INTEGER}
  </select>
  <delete id="deleteByPrimaryKey" parameterType="java.lang.Integer" >
    <!--
      WARNING - @mbggenerated
      This element is automatically generated by MyBatis Generator, do not modify.
      This element was generated on Tue Apr 19 10:09:44 CST 2022.
    -->
    delete from t_memorials
    where memorials_id = #{memorialsId,jdbcType=INTEGER}
  </delete>
  <delete id="deleteByExample" parameterType="com.yienx.imperial.court.entity.MemorialsExample" >
    <!--
      WARNING - @mbggenerated
      This element is automatically generated by MyBatis Generator, do not modify.
      This element was generated on Tue Apr 19 10:09:44 CST 2022.
    -->
    delete from t_memorials
    <if test="_parameter != null" >
      <include refid="Example_Where_Clause" />
    </if>
  </delete>
  <insert id="insert" parameterType="com.yienx.imperial.court.entity.Memorials" >
    <!--
      WARNING - @mbggenerated
      This element is automatically generated by MyBatis Generator, do not modify.
      This element was generated on Tue Apr 19 10:09:44 CST 2022.
    -->
    insert into t_memorials (memorials_id, memorials_title, memorials_content, 
      memorials_emp, memorials_create_time, feedback_time, 
      feedback_content, memorials_status)
    values (#{memorialsId,jdbcType=INTEGER}, #{memorialsTitle,jdbcType=CHAR}, #{memorialsContent,jdbcType=VARCHAR}, 
      #{memorialsEmp,jdbcType=INTEGER}, #{memorialsCreateTime,jdbcType=CHAR}, #{feedbackTime,jdbcType=CHAR}, 
      #{feedbackContent,jdbcType=VARCHAR}, #{memorialsStatus,jdbcType=INTEGER})
  </insert>
  <insert id="insertSelective" parameterType="com.yienx.imperial.court.entity.Memorials" >
    <!--
      WARNING - @mbggenerated
      This element is automatically generated by MyBatis Generator, do not modify.
      This element was generated on Tue Apr 19 10:09:44 CST 2022.
    -->
    insert into t_memorials
    <trim prefix="(" suffix=")" suffixOverrides="," >
      <if test="memorialsId != null" >
        memorials_id,
      </if>
      <if test="memorialsTitle != null" >
        memorials_title,
      </if>
      <if test="memorialsContent != null" >
        memorials_content,
      </if>
      <if test="memorialsEmp != null" >
        memorials_emp,
      </if>
      <if test="memorialsCreateTime != null" >
        memorials_create_time,
      </if>
      <if test="feedbackTime != null" >
        feedback_time,
      </if>
      <if test="feedbackContent != null" >
        feedback_content,
      </if>
      <if test="memorialsStatus != null" >
        memorials_status,
      </if>
    </trim>
    <trim prefix="values (" suffix=")" suffixOverrides="," >
      <if test="memorialsId != null" >
        #{memorialsId,jdbcType=INTEGER},
      </if>
      <if test="memorialsTitle != null" >
        #{memorialsTitle,jdbcType=CHAR},
      </if>
      <if test="memorialsContent != null" >
        #{memorialsContent,jdbcType=VARCHAR},
      </if>
      <if test="memorialsEmp != null" >
        #{memorialsEmp,jdbcType=INTEGER},
      </if>
      <if test="memorialsCreateTime != null" >
        #{memorialsCreateTime,jdbcType=CHAR},
      </if>
      <if test="feedbackTime != null" >
        #{feedbackTime,jdbcType=CHAR},
      </if>
      <if test="feedbackContent != null" >
        #{feedbackContent,jdbcType=VARCHAR},
      </if>
      <if test="memorialsStatus != null" >
        #{memorialsStatus,jdbcType=INTEGER},
      </if>
    </trim>
  </insert>
  <select id="countByExample" parameterType="com.yienx.imperial.court.entity.MemorialsExample" resultType="java.lang.Integer" >
    <!--
      WARNING - @mbggenerated
      This element is automatically generated by MyBatis Generator, do not modify.
      This element was generated on Tue Apr 19 10:09:44 CST 2022.
    -->
    select count(*) from t_memorials
    <if test="_parameter != null" >
      <include refid="Example_Where_Clause" />
    </if>
  </select>
  <update id="updateByExampleSelective" parameterType="map" >
    <!--
      WARNING - @mbggenerated
      This element is automatically generated by MyBatis Generator, do not modify.
      This element was generated on Tue Apr 19 10:09:44 CST 2022.
    -->
    update t_memorials
    <set >
      <if test="record.memorialsId != null" >
        memorials_id = #{record.memorialsId,jdbcType=INTEGER},
      </if>
      <if test="record.memorialsTitle != null" >
        memorials_title = #{record.memorialsTitle,jdbcType=CHAR},
      </if>
      <if test="record.memorialsContent != null" >
        memorials_content = #{record.memorialsContent,jdbcType=VARCHAR},
      </if>
      <if test="record.memorialsEmp != null" >
        memorials_emp = #{record.memorialsEmp,jdbcType=INTEGER},
      </if>
      <if test="record.memorialsCreateTime != null" >
        memorials_create_time = #{record.memorialsCreateTime,jdbcType=CHAR},
      </if>
      <if test="record.feedbackTime != null" >
        feedback_time = #{record.feedbackTime,jdbcType=CHAR},
      </if>
      <if test="record.feedbackContent != null" >
        feedback_content = #{record.feedbackContent,jdbcType=VARCHAR},
      </if>
      <if test="record.memorialsStatus != null" >
        memorials_status = #{record.memorialsStatus,jdbcType=INTEGER},
      </if>
    </set>
    <if test="_parameter != null" >
      <include refid="Update_By_Example_Where_Clause" />
    </if>
  </update>
  <update id="updateByExample" parameterType="map" >
    <!--
      WARNING - @mbggenerated
      This element is automatically generated by MyBatis Generator, do not modify.
      This element was generated on Tue Apr 19 10:09:44 CST 2022.
    -->
    update t_memorials
    set memorials_id = #{record.memorialsId,jdbcType=INTEGER},
      memorials_title = #{record.memorialsTitle,jdbcType=CHAR},
      memorials_content = #{record.memorialsContent,jdbcType=VARCHAR},
      memorials_emp = #{record.memorialsEmp,jdbcType=INTEGER},
      memorials_create_time = #{record.memorialsCreateTime,jdbcType=CHAR},
      feedback_time = #{record.feedbackTime,jdbcType=CHAR},
      feedback_content = #{record.feedbackContent,jdbcType=VARCHAR},
      memorials_status = #{record.memorialsStatus,jdbcType=INTEGER}
    <if test="_parameter != null" >
      <include refid="Update_By_Example_Where_Clause" />
    </if>
  </update>
  <update id="updateByPrimaryKeySelective" parameterType="com.yienx.imperial.court.entity.Memorials" >
    <!--
      WARNING - @mbggenerated
      This element is automatically generated by MyBatis Generator, do not modify.
      This element was generated on Tue Apr 19 10:09:44 CST 2022.
    -->
    update t_memorials
    <set >
      <if test="memorialsTitle != null" >
        memorials_title = #{memorialsTitle,jdbcType=CHAR},
      </if>
      <if test="memorialsContent != null" >
        memorials_content = #{memorialsContent,jdbcType=VARCHAR},
      </if>
      <if test="memorialsEmp != null" >
        memorials_emp = #{memorialsEmp,jdbcType=INTEGER},
      </if>
      <if test="memorialsCreateTime != null" >
        memorials_create_time = #{memorialsCreateTime,jdbcType=CHAR},
      </if>
      <if test="feedbackTime != null" >
        feedback_time = #{feedbackTime,jdbcType=CHAR},
      </if>
      <if test="feedbackContent != null" >
        feedback_content = #{feedbackContent,jdbcType=VARCHAR},
      </if>
      <if test="memorialsStatus != null" >
        memorials_status = #{memorialsStatus,jdbcType=INTEGER},
      </if>
    </set>
    where memorials_id = #{memorialsId,jdbcType=INTEGER}
  </update>
  <update id="updateByPrimaryKey" parameterType="com.yienx.imperial.court.entity.Memorials" >
    <!--
      WARNING - @mbggenerated
      This element is automatically generated by MyBatis Generator, do not modify.
      This element was generated on Tue Apr 19 10:09:44 CST 2022.
    -->
    update t_memorials
    set memorials_title = #{memorialsTitle,jdbcType=CHAR},
      memorials_content = #{memorialsContent,jdbcType=VARCHAR},
      memorials_emp = #{memorialsEmp,jdbcType=INTEGER},
      memorials_create_time = #{memorialsCreateTime,jdbcType=CHAR},
      feedback_time = #{feedbackTime,jdbcType=CHAR},
      feedback_content = #{feedbackContent,jdbcType=VARCHAR},
      memorials_status = #{memorialsStatus,jdbcType=INTEGER}
    where memorials_id = #{memorialsId,jdbcType=INTEGER}
  </update>
</mapper>