<?xml version="1.0" encoding="UTF-8"?>
<beans xmlns="http://www.springframework.org/schema/beans"
       xmlns:xsi="http://www.w3.org/2001/XMLSchema-instance"
       xmlns:mvc="http://www.springframework.org/schema/mvc"
       xmlns:context="http://www.springframework.org/schema/context"
       xsi:schemaLocation="http://www.springframework.org/schema/beans http://www.springframework.org/schema/beans/spring-beans.xsd http://www.springframework.org/schema/mvc https://www.springframework.org/schema/mvc/spring-mvc.xsd http://www.springframework.org/schema/context https://www.springframework.org/schema/context/spring-context.xsd">

    <!-- 开启 SpringMVC 的注解驱动功能 -->
    <!--开启mvc的注解驱动-->
    <mvc:annotation-driven>
        <mvc:message-converters>
            <!-- 处理响应中文内容乱码 -->
            <bean class="org.springframework.http.converter.StringHttpMessageConverter">
                <property name="defaultCharset" value="UTF-8" />
                <property name="supportedMediaTypes">
                    <list>
                        <value>text/html</value>
                        <value>application/json</value>
                    </list>
                </property>
            </bean>
        </mvc:message-converters>
    </mvc:annotation-driven>

    <!-- 让 SpringMVC 对没有 @RequestMapping 的请求直接放行 -->
    <mvc:default-servlet-handler/>

    <!-- 配置视图解析器 -->
    <!-- 注意：需要手动创建 templates 目录 -->
    <bean id="thymeleafViewResolver" class="org.thymeleaf.spring5.view.ThymeleafViewResolver">
        <property name="order" value="1"/>
        <property name="characterEncoding" value="UTF-8"/>
        <property name="templateEngine">
            <bean class="org.thymeleaf.spring5.SpringTemplateEngine">
                <property name="templateResolver">
                    <bean class="org.thymeleaf.spring5.templateresolver.SpringResourceTemplateResolver">
                        <property name="prefix" value="/WEB-INF/templates/"/>
                        <property name="suffix" value=".html"/>
                        <property name="characterEncoding" value="UTF-8"/>
                        <property name="templateMode" value="HTML5"/>
                    </bean>
                </property>
            </bean>
        </property>
    </bean>


    <!-- 配置 view-controller -->
    <mvc:view-controller path="/" view-name="index"/>

    <!-- 配置自动扫描的包 -->
    <context:component-scan base-package="com.yienx.imperial.court.controller"/>




</beans>